<?xml version="1.0" encoding="utf-8"?>
<selector xmlns:android="http://schemas.android.com/apk/res/android">

    <item android:state_pressed="true"><shape>
            <solid android:color="#cccccc" />
        </shape></item>
        
         <item android:state_focused="true"
          android:drawable="@color/black"/>
    
    <item><shape>
            <gradient android:angle="270" android:endColor="#ccc" android:startColor="#fff" />
            <corners android:radius="2dp" />
        </shape></item>

</selector>