<resources>
    <!-- Default screen margins, per the Android Design guidelines. -->
    <dimen name="activity_horizontal_margin">16dp</dimen>
    <dimen name="activity_vertical_margin">16dp</dimen>
    <dimen name="alert_width">290dp</dimen>
    <dimen name="common_circle_width">3dp</dimen>
    <dimen name="progress_circle_radius">34dp</dimen>

    <dimen name="standard_field_width">160dp</dimen>
    <dimen name="margin_1">8dp</dimen>
    <dimen name="margin_2">16dp</dimen>
</resources>
